"Sample_ID","ID.short","Hapke_ID","Joerg_ID2","Joerg_ID","Originalbezeichnung","tubeID","Duke_box","cell","Transect","ULM","Duke","habitat","habitat2","locality","GridKoord","SiteID","Site_ne_2006","PointsID","lat","long","year","sex","body_mass","mtHap","species","species_mtDNA","hybrid","DNAconc","DNAamount","SentToPaulHohenlohe_181127","sequenced_181127","remarks_JP","GenBank_accession","Hapke_mtID","HV1_haplotype_label","lat.hapke","lon.hapke"
"2006","mhyb001",NA,"2006","2006","2006","2006","1_6A",206,"","200",30,"","","Mangatsiaka","","MG","","","","",2017,"f","49","","hybrid","mgri","H",34.8,1009.2,"1",1,"",NA,NA,NA,NA,NA
"2009","mhyb002",NA,"2009","2009","2009","2009","1_9A",209,"","200",30,"","","Mangatsiaka","","MG","","","","",2017,"m","66","","hybrid","mmur","H",32.2,933.8,"1",1,"",NA,NA,NA,NA,NA
"2019","mgri072",NA,"2019","2019","2019","2019","1_3B",219,"","200",30,"","","Mangatsiaka","","MG","","","","",2017,"m","56","","mgri","mgri","NH",39,1131,"1",1,"",NA,NA,NA,NA,NA
"2020","mgri073",NA,"2020","2020","2020","2020","1_4B",220,"","200",30,"","","Mangatsiaka","","MG","","","","",2017,"f","63","","mgri","mgri","NH",13.9,403.1,"1",1,"",NA,NA,NA,NA,NA
"2021","mgri074",NA,"2021","2021","2021","2021","1_5B",221,"","200",30,"","","Mangatsiaka","","MG","","","","",2017,"m","56","","mgri","mgri","NH",22.4,649.6,"1",1,"",NA,NA,NA,NA,NA
"2026","mhyb003",NA,"2026","2026","2026","2026","1_8B",226,"","200",30,"","","Mangatsiaka","","MG","","","","",2017,"m","51","","hybrid","mgri","H",28.2,817.8,"1",1,"",NA,NA,NA,NA,NA
"2027","mhyb004",NA,"2027","2027","2027","2027","1_9B",227,"","200",30,"","","Mangatsiaka","","MG","","","","",2017,"f","56","","hybrid","mgri","H",32.6,945.4,"1",1,"",NA,NA,NA,NA,NA
"2033","mhyb005",NA,"2033","2033","2033","2033","1_C5",233,"","200",30,"","","Mangatsiaka","","MG","","","","",2017,"m","52","","hybrid","mgri","H",15,435,"1",1,"",NA,NA,NA,NA,NA
"2034","mhyb006",NA,"2034","2034","2034","2034","1_C6",234,"","200",30,"","","Mangatsiaka","","MG","","","","",2017,"m","59","","hybrid","mgri","H",19.3,559.7,"1",1,"",NA,NA,NA,NA,NA
"886","mgri068",NA,"886","886","886","886","1_1A",201,"","200",30,"","","Mangatsiaka","","MG","","","","",2017,"un","","","mgri/hybrid","mmur","H",12.5,362.5,"1",1,"Ludemann thesis: msats mgri, mt mmur",NA,NA,NA,NA,NA
"887","mgri069",NA,"887","887","887","887","1_2A",202,"","200",30,"","","Mangatsiaka","","MG","","","","",2017,"un","","","mgri/hybrid","mmur","H",12.7,368.3,"1",1,"Ludemann thesis: msats mgri, mt mmur",NA,NA,NA,NA,NA
"889","mgri070",NA,"889","889","889","889","1_4A",204,"","200",30,"","","Mangatsiaka","","MG","","","","",2017,"un","","","mgri","mgri","NH",20.6,597.4,"1",1,"",NA,NA,NA,NA,NA
"890","mgri071",NA,"890","890","890","890","1_5A",205,"","200",30,"","","Mangatsiaka","","MG","","","","",2017,"un","","","mgri/hybrid","mmur","H",28.8,835.2,"1",1,"Ludemann thesis: msats mgri, mt mmur",NA,NA,NA,NA,NA
"AB01","mmur037","Abt_Mm_Hamb044","AB 01","AB 01","AB B04 01","0","1_D1",117,"T05","50",30,"Gallery forest","","Ambatoabo","B04","AB","ABB04","ABB04","S24 49 09,02","E046 40 10,76",2007,"m","62","BS","mmur","mmur","NH",7.3,211.7,"1",1,"","JF510207","murinus","CS",NA,NA
"AB03","mmur038","Abt_Mm_Hamb046","AB 03","AB 03","AB B04 03","0","1_D3",119,"T05","100",30,"Gallery forest","","Ambatoabo","B04","AB","ABB04","ABB04","S24 49 09,02","E046 40 10,76",2007,"f","63","BS","mmur","mmur","NH",10,288.84,"1",1,"","JF510209","murinus","CS",NA,NA
"AB04","mmur039","Abt_Mm_Hamb047","AB 04","AB 04","AB B12 04","0","1_D4",120,"T05","100",30,"Gallery forest","","Ambatoabo","B12","AB","ABB12","ABB12","S24 49 05,85","E046 40 16,66",2007,"f","77","BS","mmur","mmur","NH",10,289.42,"1",1,"","JF510210","murinus","CS",NA,NA
"AB06","mmur040","Abt_Mm_Hamb049","AB 06","AB 06","AB A16 06","0","1_D5",57,"T04","100",30,"Dry spiny forest","","Ambatoabo","A16","AB","ABA16","ABA16","S24 49 07,93","E046 39 51,95",2007,"m","65","BS","mmur","mmur","NH",12.6,365.4,"1",1,"","JF510212","murinus","CS",NA,NA
"AB12","mmur041","Abt_Mm_Hamb095","AB 12","AB 12","12","0","1_E1",123,"T05","100",30,"Gallery forest","","Ambatoabo","B06","AB","ABB06","ABB06","S24 49 08,50","E046 40 12,38",2008,"f","65","","mmur","mmur","NH",14,406,"1",1,"","JF510217","murinus","CS",NA,NA
"AB15","mmur042","Abt_Mm_Hamb098","AB 15","AB 15","15","0","1_E4",124,"T05","100",30,"Gallery forest","","Ambatoabo","B12","AB","ABB12","ABB12","S24 49 05,85","E046 40 16,66",2008,"m","53","","mmur","mmur","NH",18,522,"1",1,"","JF510220","murinus","CS",NA,NA
"AB16","mmur043","Abt_Mm_Hamb099","AB 16","AB 16","16","0","1_E5",61,"T06","100",30,"Dry spiny forest","","Ambatoabo","C04","AB","ABC04","ABC04","S24 49 03,10","E046 40 20,04",2008,"m","45","","mmur","mmur","NH",23.2,672.8,"1",1,"","JF510221","murinus","CS",NA,NA
"AB18","mmur044","Abt_Mm_Hamb101","AB 18","AB 18","18","0","1_E7",63,"T06","100",30,"Dry spiny forest","","Ambatoabo","C06","AB","ABC06","ABC06","S24 49 03,27","E046 40 21,77",2008,"f","79","","mmur","mmur","NH",18.7,542.3,"1",1,"","JF510223","murinus","CS",NA,NA
"HZ03","mgri075","Hzf_Mg_Hamb032","HZ 03","HZ 03","HZ A15 03","0","1_G2",20,"T01","50",30,"Dry spiny forest","","Hazofotsy","A15","HZ","HZA15","HZA15","S24 50 29,67","E046 31 43,95",2007,"f","42","CQ","mgri","mgri","NH",11.3,327.7,"1",1,"","JF510163","griseorufus","DQ",NA,NA
"HZ05","mgri076","Hzf_Mg_Hamb034","HZ 05","HZ 05","HZ B08 05","0","1_G4",22,"T02","100",30,"Dry spiny forest","","Hazofotsy","B08","HZ","HZB08","HZB08","S24 49 44,11","E046 32 51,48",2007,"f","50","CR","mgri","mgri","NH",10.7,310.3,"1",1,"","JF510165","griseorufus","DR",NA,NA
"HZ06","mgri077","Hzf_Mg_Hamb035","HZ 06","HZ 06","HZ B15 06","0","1_G5",23,"T02","100",30,"Dry spiny forest","","Hazofotsy","B15","HZ","HZB15","HZB15","S24 49 40,84","E046 32 57,15",2007,"f","57","CQ","mgri","mgri","NH",19.2,556.8,"1",1,"","JF510166","griseorufus","DQ",NA,NA
"HZ11","mgri078","Hzf_Mg_Hamb040","HZ 11","HZ 11","HZ A16 11","0","1_G9",27,"T01","100",30,"Dry spiny forest","","Hazofotsy","A16","HZ","HZA16","HZA16","S24 50 29,97","E046 31 44,51",2007,"m","47","CQ","mgri","mgri","NH",8.7,252.88,"1",1,"","JF510171","griseorufus","DQ",NA,NA
"HZ12","mgri079","Hzf_Mg_Hamb041","HZ 12","HZ 12","HZ A16 12","0","1_H1",28,"T01","100",30,"Dry spiny forest","","Hazofotsy","A16","HZ","HZA16","HZA16","S24 50 29,97","E046 31 44,51",2007,"f","52","CQ","mgri","mgri","NH",7.8,225.04,"1",1,"","JF510172","griseorufus","DQ",NA,NA
"HZ13","mgri080","Hzf_Mg_Hamb042","HZ 13","HZ 13","HZ A19 13","0","1_H2",29,"T01","100",30,"Dry spiny forest","","Hazofotsy","A19","HZ","HZA19","HZA19","S24 50 32,17","E046 31 46,06",2007,"f","56","CQ","mgri","mgri","NH",8.2,237.8,"1",1,"","JF510173","griseorufus","DQ",NA,NA
"HZ15","mgri081","Hzf_Mg_Hamb104","HZ 15","HZ 15","15","0","1_H4",31,"T01","100",30,"Dry spiny forest","","Hazofotsy","A14","HZ","HZA14","HZA14","S24 50 28,86","E046 31 43,98",2008,"f","68","","mgri","mgri","NH",9,262.16,"1",1,"","JF510175","griseorufus","DQ",NA,NA
"HZ16","mgri082","Hzf_Mg_Hamb105","HZ 16","HZ 16","16","0","1_H5",32,"T01","100",30,"Dry spiny forest","","Hazofotsy","A14","HZ","HZA14","HZA14","S24 50 28,86","E046 31 43,98",2008,"f","31","","mgri","mgri","NH",9.2,267.38,"1",1,"","JF510176","griseorufus","DQ",NA,NA
"MG03","mhyb007",NA,"MG 03","MG 03","MG C19 03","0","2_A3",16,"T18","100",30,"Gallery forest","","Mangatsiaka","C19","MG","MGC19","MGC19","S24 57 44,86","E046 33 12,34",2007,"m","62","BI","hybrid","mmur","H",8.2,238.38,"1",1,"",NA,NA,NA,NA,NA
"MG05","mgri083","Mtk_Mg_Hamb059","MG 05","MG 05","MG A18 05","0","2_A5",33,"T15","20",10,"Dry spiny forest","","Mangatsiaka","A18","MG","MGA18","MGA18","S24 57 51,02","E046 33 27,49",2007,"m","51","BW","mgri","mgri","NH",29.6,266.4,"1",1,"","JF510177","griseorufus","CW",-24.9641722222222,46.5576361111111
"MG06","mgri084","Mtk_Mg_Hamb060","MG 06","MG 06","MG A02 06","0","2_A6",34,"T15","100",30,"Dry spiny forest","","Mangatsiaka","A02","MG","MGA02","MGA02","S24 57 59,23","E046 33 16,56",2007,"f","50","CU","mgri","mgri","NH",15.6,452.4,"1",1,"","JF510178","griseorufus","DU",-24.9664527777778,46.5546
"MG15","mhyb008","Mtk_Mm_Hamb125","MG 15","MG 15","15","0","2_B6",5,"T15","100",30,"Dry spiny forest","","Mangatsiaka","A00","MG","MGA00","MGA00","S24 58 00,79","E046 33 15,44",2008,"f","54","BY","hybrid","mmur","H",25,725,"1",1,"","JF510250","murinus","CY",-24.9668861111111,46.5542888888889
"MG16","mgri085","Mtk_Mg_Hamb126","MG 16","MG 16","16","0","2_B8",35,"T15","100",30,"Dry spiny forest","","Mangatsiaka","A03","MG","MGA03","MGA03","S24 57 58,48","E046 33 17,02",2008,"f","34","CU","mgri","mgri","NH",20.8,603.2,"1",1,"","JF510179","griseorufus","DU",-24.9662444444444,46.5547277777778
"MG17","mmur045","Mtk_Mm_Hamb127","MG 17","MG 17","17","0","2_B8",76,"T16","100",30,"Dry spiny forest","","Mangatsiaka","A26","MG","MGA26","MGA26","S24 57 46,05","E046 33 31,58",2008,"m","53","DA","mmur","mmur","NH",16,464,"1",1,"","JF510251","murinus","DV",-24.9627916666667,46.5587722222222
"MG18","mhyb009","Mtk_Mm_Hamb128","MG 18","MG 18","18","0","2_B9",6,"T16","100",30,"Dry spiny forest","","Mangatsiaka","A39","MG","MGA39","MGA39","S24 57 38,72","E046 33 36,61",2008,"f","44","BR","hybrid","mmur","H",11.6,336.4,"1",1,"","JF510252","murinus","CR",-24.9607555555556,46.5601694444444
"MG19","mmur046","Mtk_Mm_Hamb129","MG 19","MG 19","19","0","2_C1",114,"T20","100",30,"Gallery forest","Dry spiny forest","Mangatsiaka","D00","MG","MGD00","MGD00","S24 57 49,33","E046 33 15,84",2008,"m","54","DB","mmur","mmur","NH",22,638,"1",1,"","JF510253","murinus","DW",-24.9637027777778,46.5544
"MG20","mgri086","Mtk_Mg_Hamb130","MG 20","MG 20","20","0","2_C2",36,"T20","100",30,"Dry spiny forest","","Mangatsiaka","D09","MG","MGD09","MGD09","S24 57 46,12","E046 33 22,86",2008,"m","42","DE","mgri","mgri","NH",8,232.58,"1",1,"","JF510180","griseorufus","BM",-24.9628111111111,46.55635
"MG22","mgri087","Mtk_Mg_Hamb132","MG 22","MG 22","22","0","2_C4",37,"T15","100",30,"Dry spiny forest","","Mangatsiaka","A03","MG","MGA03","MGA03","S24 57 58,48","E046 33 17,02",2008,"f","34","CU","mgri","mgri","NH",22.2,643.8,"1",1,"","JF510181","griseorufus","DU",-24.9662444444444,46.5547277777778
"MG23","mmur047","Mtk_Mm_Hamb133","MG 23","MG 23","23","0","2_C5",78,"T16","100",30,"Dry spiny forest","","Mangatsiaka","A34","MG","MGA34","MGA34","S24 57 39,84","E046 33 32,60",2008,"m","60","DA","mmur","mmur","NH",23.8,690.2,"1",1,"","JF510255","murinus","DV",-24.9610666666667,46.5590555555556
"MG24","mhyb010","Mtk_Mm_Hamb134","MG 24","MG 24","24","0","2_C6",7,"T20","100",30,"Dry spiny forest","","Mangatsiaka","D04","MG","MGD04","MGD04","S24 57 47,88","E046 33 18,95",2008,"m","46","BR","hybrid","mmur","H",13.9,403.1,"1",1,"","JF510256","murinus","CR",-24.9633,46.5552638888889
"MG25","mgri088","Mtk_Mg_Hamb135","MG 25","MG 25","25","0","2_C7",38,"T15","100",30,"Dry spiny forest","","Mangatsiaka","A18","MG","MGA18","MGA18","S24 57 51,02","E046 33 27,49",2008,"f","48","CU","mgri","mgri","NH",18.8,545.2,"1",1,"","JF510182","griseorufus","DU",-24.9641722222222,46.5576361111111
"MG26","mhyb011","Mtk_Mg_Hamb136","MG 26","MG 26","26","0","2_C8",8,"T20","200",30,"Dry spiny forest","","Mangatsiaka","D17","MG","MGD17","MGD17","S24 57 43,67","E046 33 29,53",2008,"f","40","CS","hybrid","mgri","H",21.6,626.4,"1",1,"","JF510183","griseorufus","DS",-24.9621305555556,46.5582027777778
"MG27","mhyb012","Mtk_Mm_Hamb137","MG 27","MG 27","27","0","2_C9",14,"T20","100",30,"Gallery forest","Dry spiny forest","Mangatsiaka","D00","MG","MGD00","MGD00","S24 57 49,33","E046 33 15,84",2008,"f","58","BY","hybrid","mmur","H",13.9,403.1,"1",1,"","JF510257","murinus","CY",-24.9637027777778,46.5544
"MG28","mmur048","Mtk_Mm_Hamb138","MG 28","MG 28","28","0","2_D1",79,"T20","100",30,"Dry spiny forest","","Mangatsiaka","D09","MG","MGD09","MGD09","S24 57 46,12","E046 33 22,86",2008,"m","52","DC","mmur","mmur","NH",38,1102,"1",1,"","JF510258","murinus","BR",-24.9628111111111,46.55635
"MG34","mhyb013","Mtk_Mm_Hamb144","MG 34","MG 34","34","0","2_D7",9,"T19","100",30,"Dry spiny forest","","Mangatsiaka","C20","MG","MGC20","MGC20","S24 57 43,85","E046 33 12,09",2008,"f","38","BY","hybrid","mmur","H",12.6,365.4,"1",1,"","JF510264","murinus","CY",-24.9621805555556,46.5533583333333
"MG42","mmur049","Mtk_Mm_Hamb152","MG 42","MG 42","42","0","2_E6",87,"T19","100",30,"Dry spiny forest","","Mangatsiaka","C20","MG","MGC20","MGC20","S24 57 43,85","E046 33 12,09",2008,"m","51","DB","mmur","mmur","NH",18.8,545.2,"1",1,"","JF510271","murinus","DW",-24.9621805555556,46.5533583333333
"MG49","mmur050","Mtk_Mm_Hamb159","MG 49","MG 49","49","0","2_F4",115,"T18","100",30,"Gallery forest","Dry spiny forest","Mangatsiaka","C12","MG","MGC12","MGC12","S24 57 50,57","E046 33 13,65",2008,"m","54/57","BY","mmur","mmur","NH",20.6,597.4,"1",1,"","JF510278","murinus","CY",-24.9640472222222,46.5537916666667
"MG50","mhyb014","Mtk_Mm_Hamb160","MG 50","MG 50","50","0","2_F5",17,"T18","100",30,"Gallery forest","","Mangatsiaka","C14","MG","MGC14","MGC14","S24 57 48,80","E046 33 12,98",2008,"m","53","BR","hybrid","mmur","H",10.4,301.6,"1",1,"","JF510279","murinus","CR",-24.9635555555556,46.5536055555555
"MG58","mmur051","Mtk_Mm_Hamb161","MG 58","MG 58","58","0","2_F7",138,"T18","100",30,"Gallery forest","","Mangatsiaka","C14","MG","MGC14","MGC14","S24 57 48,80","E046 33 12,98",2008,"m","48","BY","mmur","mmur","NH",25.4,736.6,"1",1,"","JF510280","murinus","CY",-24.9635555555556,46.5536055555555
"MG64","mhyb015","Mtk_Mg_Hamb167","MG 64","MG 64","64","0","2_G4",11,"Grille","100",30,"Dry spiny forest","","Mangatsiaka","G118","MG","MGG118","MGG118","S24 57 46,74","E046 33 25,40",2008,"m","47","BW","hybrid","mgri","H",9.6,278.4,"1",1,"","JF510186","griseorufus","CW",-24.9629833333333,46.5570555555556
"MG65","mmur052","Mtk_Mm_Hamb168","MG 65","MG 65","65","0","2_G5",93,"Grille","100",30,"Dry spiny forest","","Mangatsiaka","G130","MG","MGG130","MGG130","S24 57 41,84","E046 33 22,81",2008,"m","47","BR","mmur","mmur","NH",29.2,846.8,"1",1,"","JF510285","murinus","CR",-24.9616222222222,46.5563361111111
"MG66","mmur053","Mtk_Mm_Hamb169","MG 66","MG 66","66","0","2_G6",94,"Grille","100",30,"Dry spiny forest","","Mangatsiaka","G114","MG","MGG114","MGG114","S24 57 44,09","E046 33 23,42",2008,"f","41","BR","mmur","mmur","NH",26.4,765.6,"1",1,"","JF510286","murinus","CR",-24.9622472222222,46.5565055555556
"MG67","mmur054","Mtk_Mm_Hamb170","MG 67","MG 67","67","0","2_G7",95,"Grille","100",30,"Dry spiny forest","","Mangatsiaka","G141","MG","MGG141","MGG141","S24 57 47,28","E046 33 28,88",2008,"f","58","BR","mmur","mmur","NH",26.4,765.6,"1",1,"","JF510287","murinus","CR",-24.9631333333333,46.5580222222222
"MG68","mmur055","Mtk_Mm_Hamb171","MG 68","MG 68","68","0","2_G8",96,"Grille","100",30,"Dry spiny forest","","Mangatsiaka","G181","MG","MGG181","MGG181","S24 57 46,07","E046 33 31,95",2008,"f","50","BR","mmur","mmur","NH",26.8,777.2,"1",1,"","JF510288","murinus","CR",-24.9627972222222,46.558875
"MG73","mmur056","Mtk_Mm_Hamb073","MG 73","MG 73","73","0","2_H4",101,"Grille","100",30,"Dry spiny forest","","Mangatsiaka","G069","MG","MGG069","MGG069","S24 57 44,80","E046 33 18,58",2008,"f","50","BR","mmur","mmur","NH",18.8,545.2,"1",1,"","JF510245","murinus","CR",-24.9624444444444,46.5551611111111
"MG75","mmur057","Mtk_Mm_Hamb075","MG 75","MG 75","75","0","2_H6",141,"Grille","100",30,"Gallery forest","","Mangatsiaka","G010","MG","MGG010","MGG010","S24 57 46,09","E046 33 13,55",2008,"m","41","BY","mmur","mmur","NH",18.9,548.1,"1",1,"","JF510247","murinus","CY",-24.9628027777778,46.5537638888889
"MG79","mmur058",NA,"MG 79","MG 79","MG 79","0","3_A1",175,"Grille","50",30,"Dry spiny forest","","Mangatsiaka","G041","MG","MGG041","MGG041","S24 57 50,80","E046 33 20,42",2009,"M","60","","mmur","mmur","un",45,1305,"1",1,"",NA,NA,NA,NA,NA
"MG83","mmur059",NA,"MG 83","MG 83","MG 83","0","3_A3",179,"Grille","50",30,"Dry spiny forest","Gallery forest","Mangatsiaka","G026","MG","MGG026","MGG026","S24 57 48,00","E046 33 16,91",2009,"F","48","","mmur","mmur","un",81.2,2354.8,"1",1,"",NA,NA,NA,NA,NA
"MG84","mmur060",NA,"MG 84","MG 84","MG 84","0","3_A4",180,"Grille","50",30,"Dry spiny forest","Gallery forest","Mangatsiaka","G023","MG","MGG023","MGG023","S24 57 50,32","E046 33 17,93",2009,"F","54","","mmur","mmur","un",65,1885,"1",1,"",NA,NA,NA,NA,NA
"MG85","mgri089",NA,"MG 85","MG 85","MG 85","0","3_A5",173,"Grille","20",30,"Dry spiny forest","","Mangatsiaka","G159","MG","MGG159","MGG159","S24 57 46,26","E046 33 29,28",2009,"F","51","","mgri","mgri","un",46,1334,"1",1,"Added 20 ul water",NA,NA,NA,NA,NA
"MG88","mmur061",NA,"MG 88","MG 88","MG 88","0","3_A7",183,"Grille","50",30,"Gallery forest","","Mangatsiaka","G009","MG","MGG009","MGG009","S24 57 46,71","E046 33 13,93",2009,"F","60","","mmur","mmur","un",34,986,"1",1,"",NA,NA,NA,NA,NA
"MG92","mmur062",NA,"MG 92","MG 92","MG 92","0","3_B2",187,"Grille","50",30,"Dry spiny forest","","Mangatsiaka","G117","MG","MGG117","MGG117","S24 57 45,91","E046 33 24,92",2009,"M","53","","mmur","mmur","un",50,1450,"1",1,"",NA,NA,NA,NA,NA
"Micro04","mmur063","Tml_Mm_MAndo04","Micro 04","Micro 04","TM 04-2006","0","3",143,"T21","100",30,"Gallery forest","","Tsimelahy","A05","TM","TMA05","TMA05-2006","S24 57 22,5","E046 37 4,08",2006,"f","64","BR","mmur","mmur","NH",9.9,287.1,"1",1,"","JF510301","murinus","CR",-24.95625,46.6178
"Micro06","mmur064","Tml_Mm_MAndo06","Micro 06","Micro 06","TM 06-2006","0","3",144,"T25","100",30,"Gallery forest","","Tsimelahy","E02","TM","TME02","TME02-2006","S24 57 16,24","E046 37 14,48",2006,"f","55","BR","mmur","mmur","NH",12.2,353.8,"1",1,"","JF510302","murinus","CR",-24.9545111111111,46.6206888888889
"Micro12","mmur065","Tml_Mm_MAndo12","Micro 12","Micro 12","TM 12-2006","0","3",145,"T21","100",30,"Gallery forest","","Tsimelahy","A16","TM","TMA16","TMA16-2006","S24 57 30,06","E046 36 58,93",2006,"m","70","BT","mmur","mmur","NH",8.6,249.4,"1",1,"","JF510303","murinus","CT",-24.95835,46.6163694444444
"Micro13","mgri090","Tml_Mg_MAndo13","Micro 13","Micro 13","TM 13-2006","0","3",41,"T23","100",30,"Dry spiny forest","","Tsimelahy","C01","TM","TMC01","TMC01-2006","S24 57 3,85","E046 37 4,51",2006,"m","54","BU","mgri","mgri","NH",16,464,"1",1,"","JF510195","griseorufus","CU",-24.9510694444444,46.6179194444444
"Micro14","mgri091","Tml_Mg_MAndo14","Micro 14","Micro 14","TM 14-2006","0","3",42,"T24","100",30,"Dry spiny forest","","Tsimelahy","D19","TM","TMD19","TMD19-2006","S24 57 21,85","E046 36 38,7",2006,"m","52","BV","mgri","mgri","NH",14.5,420.5,"1",1,"","JF510196","griseorufus","CV",-24.9560694444444,46.61075
"Micro19","mgri092","Tml_Mg_MAndo19","Micro 19","Micro 19","TM 19-2006","0","3",43,"T24","100",30,"Dry spiny forest","","Tsimelahy","D09","TM","TMD09","TMD09-2006","S24 57 20,12","E046 36 47,05",2006,"m","55","BW","mgri","mgri","NH",4.3,125.28,"1",1,"","JF510197","griseorufus","CW",-24.9555888888889,46.6130694444444
"Micro24","mmur066","Tml_Mm_MAndo24","Micro 24","Micro 24","TM 24-2006","0","3",107,"T25","100",30,"Dry spiny forest","","Tsimelahy","E14","TM","TME14","TME14-2006","S24 57 14,98","E046 37 9,08",2006,"m","55","BR","mmur","mmur","NH",5.6,162.98,"1",1,"","JF510305","murinus","CR",-24.9541611111111,46.6191888888889
"Micro25","mmur067","Tml_Mm_MAndo25","Micro 25","Micro 25","TM 25-2006","0","3",108,"T22","100",30,"Dry spiny forest","","Tsimelahy","B35","TM","TMB35","TMB35-2006","S24 56 53,27","E046 37 17,98",2006,"m","69","BR","mmur","mmur","NH",12.3,356.7,"1",1,"","JF510306","murinus","CR",-24.9481305555556,46.6216611111111
"Micro27","mmur068","Tml_Mm_MAndo27","Micro 27","Micro 27","TM 27-2006","0","3",109,"T22","100",30,"Dry spiny forest","","Tsimelahy","B32","TM","TMB32","TMB32-2006","S24 56 52,66","E046 37 16,39",2006,"f","61","BR","mmur","mmur","NH",19.1,553.9,"1",1,"","JF510307","murinus","CR",-24.9479611111111,46.6212194444444
"Micro31","mgri093","Tml_Mg_MAndo31","Micro 31","Micro 31","TM 31-2006","0","3",44,"T24","100",30,"Dry spiny forest","","Tsimelahy","D09","TM","TMD09","TMD09-2006","S24 57 20,12","E046 36 47,05",2006,"f","52","BW","mgri","mgri","NH",12,348,"1",1,"","JF510198","griseorufus","CW",-24.9555888888889,46.6130694444444
"Micro33","mhyb016","Tml_Mg_MAndo33","Micro 33","Micro 33","TM 33-2006","Micro 33","3",13,"T24","100",30,"Dry spiny forest","","Tsimelahy","D05","TM","TMD05","TMD05-2006","S24 57 19,3","E046 36 50,36",2006,"m","50","BU","hybrid","mgri","H",19.6,568.4,"1",1,"","JF510199","griseorufus","CU",-24.9553611111111,46.6139888888889
"Micro38","mmur069","Tml_Mm_MAndo38","Micro 38","Micro 38","TM 38-2006","0","3",148,"T21","100",30,"Gallery forest","","Tsimelahy","A16","TM","TMA16","TMA16-2006","S24 57 30,06","E046 36 58,93",2006,"f","55","BT","mmur","mmur","NH",8.6,249.4,"1",1,"","JF510309","murinus","CT",-24.95835,46.6163694444444
"Micro44","mgri094","Tml_Mg_MAndo44","Micro 44","Micro 44","TM 44-2006","0","3",47,"T23","100",30,"Dry spiny forest","","Tsimelahy","C10","TM","TMC10","TMC10-2006","S24 57 7,85","E046 37 0,95",2006,"f","48","BW","mgri","mgri","NH",8.1,233.74,"1",1,"","JF510201","griseorufus","CW",-24.9521805555556,46.6169305555556
"Micro49","mmur070","Tml_Mm_MAndo49","Micro 49","Micro 49","TM 49-2006","0","3",112,"T25","100",30,"Dry spiny forest","","Tsimelahy","E13","TM","TME13","TME13-2006","S24 57 15,3","E046 37 9,48",2006,"m","61","BT","mmur","mmur","NH",6.4,185.02,"1",1,"","JF510311","murinus","CT",-24.95425,46.6193
"Micro58","mgri095","Tml_Mg_MAndo58","Micro 58","Micro 58","TM 58-2006","0","3",53,"T24","100",30,"Dry spiny forest","","Tsimelahy","D20","TM","TMD20","TMD20-2006","S24 57 22,14","E046 36 37,73",2006,"f","57","BV","mgri","mgri","NH",5.1,147.9,"1",1,"","JF510202","griseorufus","CV",-24.95615,46.6104805555556
"Micro60","mgri096","Tml_Mg_MAndo60","Micro 60","Micro 60","TM 60-2006","0","3",54,"T23","100",30,"Dry spiny forest","","Tsimelahy","C02","TM","TMC02","TMC02-2006","S24 57 3,96","E046 37 3,86",2006,"f","60","BW","mgri","mgri","NH",11.1,321.9,"1",1,"","JF510203","griseorufus","CW",-24.9511,46.6177388888889
"Micro70","mgri097","Tml_Mg_MAndo70","Micro 70","Micro 70","TM 70-2006","0","3",55,"T24","100",30,"Dry spiny forest","","Tsimelahy","D17","TM","TMD17","TMD17-2006","S24 57 21,35","E046 36 40,21",2006,"m","52","BU","mgri","mgri","NH",7.7,223.3,"1",1,"","JF510205","griseorufus","CU",-24.9559305555556,46.6111694444444
"Micro81","mgri098","Mtk_Mg_MAndo81","Micro 81","Micro 81","MG 81-2006","Micro 81","3",40,"T14","100",30,"Dry spiny forest","","Mangatsiaka","M10","MG","MGM10","MGM10-2006","S24 58'7,81","E046 33 26,33",2006,"f","55","BW","mgri","mgri","NH",23,667,"1",1,"","JF510187","griseorufus","CW",-24.9688361111111,46.5573138888889
"Micro88","mmur071","Mtk_Mm_MAndo88","Micro 88","Micro 88","MG 88-2006","0","3",200,"T15","100",30,"Dry spiny forest","","Mangatsiaka","N01","MG","MGN01","MGN01-2006","S24 58 0,06","E046 33 16,5",2006,"f","70","BY","mmur","mmur","NH",44,1276,"1",1,"","JF510293","murinus","CY",-24.9666833333333,46.5545833333333
"TM41","mgri099","Tml_Mg_Hamb078","TM 41","TM 41","41","0","4",45,"T24","100",30,"Dry spiny forest","","Tsimelahy","D18","TM","TMD18","TMD18","S24 57 21,78","E046 36 38,91",2008,"f","42","","mgri","mgri","NH",9.9,287.1,"1",1,"","JF510189","griseorufus","CW",-24.95605,46.6108083333333
"TM42","mmur072","Tml_Mm_Hamb079","TM 42","TM 42","42","0","4",110,"T22","100",30,"Dry spiny forest","","Tsimelahy","B01","TM","TMB01","TMB01","S24 56 52,94","E046 37 15,87",2008,"m","45","","mmur","mmur","NH",12.1,350.9,"1",1,"","JF510294","murinus","CR",-24.9480388888889,46.621075
"TM43","mmur073","Tml_Mm_Hamb080","TM 43","TM 43","43","0","4",149,"T21","100",30,"Gallery forest","","Tsimelahy","A13","TM","TMA13","TMA13","S24 57 27,09","E046 37 01,58",2008,"m","56","","mmur","mmur","NH",20.8,603.2,"1",1,"","JF510295","murinus","CR",-24.957525,46.6171055555556
"TM44","mmur074","Tml_Mm_Hamb081","TM 44","TM 44","44","0","4",150,"T25","100",30,"Gallery forest","","Tsimelahy","REFA","TM","TMREFA","TMREFA","S24 57 17,65","E046 37 10,06",2008,"m","57","","mmur","mmur","NH",9.8,283.04,"1",1,"","JF510296","murinus","CT",-24.9549027777778,46.6194611111111
"TM46","mgri100","Tml_Mg_Hamb082","TM 46","TM 46","46","0","4",48,"T24","100",30,"Dry spiny forest","","Tsimelahy","D10","TM","TMD10","TMD10","S24 57 19,98","E046 36 45,90",2008,"f","52","","mgri","mgri","NH",19.4,562.6,"1",1,"","JF510190","griseorufus","CW",-24.95555,46.61275
"TM47","mmur075","Tml_Mm_Hamb083","TM 47","TM 47","47","0","4",111,"T22","100",30,"Dry spiny forest","","Tsimelahy","B00","TM","TMB00","TMB00","S24 56 52,67","E046 37 16,57",2008,"m","61","","mmur","mmur","NH",11.4,330.6,"1",1,"","JF510297","murinus","CT",-24.9479638888889,46.6212694444444
"TM48","mmur076","Tml_Mm_Hamb084","TM 48","TM 48","48","0","4",171,"T22","100",30,"Dry spiny forest","","Tsimelahy","B04","TM","TMB04","TMB04","S24 56 54,87","E046 37 14,00",2008,"f","75","","mmur","mmur","NH",31,899,"1",1,"","JF510298","murinus","CR",-24.948575,46.6205555555556
"TM49","mgri101","Tml_Mg_Hamb085","TM 49","TM 49","49","0","4",49,"T24","100",30,"Dry spiny forest","","Tsimelahy","D11","TM","TMD11","TMD11","S24 57 20,08","E046 36 45,08",2008,"m","49","","mgri","mgri","NH",14.7,426.3,"1",1,"","JF510191","griseorufus","CU",-24.9555777777778,46.6125222222222
"TM50","mgri102","Tml_Mg_Hamb086","TM 50","TM 50","50","0","4",50,"T26","100",30,"Dry spiny forest","","Tsimelahy","E01","TM","TME01","TME01","S24 57 20,96","E046 36 49,11",2008,"m","56","","mgri","mgri","NH",4.6,132.24,"1",1,"","JF510192","griseorufus","CV",-24.9558222222222,46.6136416666667
"TM51","mgri103","Tml_Mg_Hamb087","TM 51","TM 51","51","0","4",51,"T26","100",30,"Dry spiny forest","","Tsimelahy","E13","TM","TME13","TME13","S24 57 22,36","E046 36 59,37",2008,"f","49","","mgri","mgri","NH",16.9,490.1,"1",1,"","JF510193","griseorufus","CU",-24.9562111111111,46.6164916666667
"TM52","mgri104","Tml_Mg_Hamb088","TM 52","TM 52","52","0","4",52,"T26","100",30,"Dry spiny forest","","Tsimelahy","E09","TM","TME09","TME09","S24 57 22,77","E046 36 55,79",2008,"f","72","","mgri","mgri","NH",22.2,643.8,"1",1,"","JF510194","griseorufus","CW",-24.956325,46.6154972222222
"TM53","mmur077","Tml_Mm_Hamb089","TM 53","TM 53","53","0","4",152,"T26","100",30,"Gallery forest","","Tsimelahy","E19","TM","TME19","TME19","S24 57 22,94","E046 37 02,23",2008,"m","54","","mmur","mmur","NH",28.2,817.8,"1",1,"","JF510299","murinus","CR",-24.9563722222222,46.6172861111111
